,RestaurantId,TotalOrders,TotalRevenue,OrdersCompletedOnTime,Revenue,OrdersCompleted,AvgTimeToPrepareOrder(mins),RepeatCustomers,Monthly_Score,Badge
0,0,208,245758,206,0.6146055023845667,0.9903846153846154,11,11,73.65219592518129,Silver
1,1,226,333271,184,0.8334629610641645,0.8141592920353983,10,10,67.85716143177268,Silver
2,2,261,361987,169,0.9052775575634655,0.6475095785440613,15,10,87.92638346449752,Silver
3,3,241,313228,163,0.7833382933654777,0.6763485477178424,14,10,74.17336039253196,Silver
5,5,270,341534,194,0.8541275386819985,0.7185185185185186,13,10,79.78183898355556,Silver
6,6,268,375720,259,0.9396218204735122,0.9664179104477612,15,12,163.45212414356394,Platinum
7,7,263,330921,198,0.8275859481872542,0.752851711026616,10,12,74.76593965372304,Silver
9,9,152,253860,147,0.6348674420989189,0.9671052631578947,13,13,103.76323594778579,Gold
10,10,258,353285,207,0.8835151039230936,0.8023255813953488,13,11,101.36794802801354,Gold
11,11,157,362380,137,0.9062603941850084,0.8726114649681529,12,10,94.89758522548749,Silver
12,12,225,278604,165,0.6967486364079697,0.7333333333333333,15,10,76.64235000487666,Silver
13,13,218,342424,202,0.8563533010055944,0.926605504587156,13,13,134.10178435655496,Gold
15,15,190,344174,140,0.8607297999564851,0.7368421052631579,12,14,106.5492889209291,Gold
16,16,249,251484,232,0.628925406951881,0.9317269076305221,13,11,83.79610161058476,Silver
18,18,230,390502,218,0.9765894818975499,0.9478260869565217,15,12,166.61465769417327,Platinum
19,19,237,247567,154,0.619129551871516,0.6497890295358649,15,13,78.44920018017562,Silver
20,20,254,364512,211,0.9115922203354649,0.8307086614173228,13,15,147.66717285709726,Gold
21,21,263,336734,206,0.8421234272738413,0.7832699619771863,15,11,108.83564750204512,Gold
22,22,277,328630,187,0.8218564858464024,0.6750902527075813,10,12,66.57927632632949,Silver
24,24,200,262456,170,0.6563648049456939,0.85,10,11,61.37010926242239,Silver
25,25,234,224829,216,0.5622650757884575,0.9230769230769231,10,15,77.85208741686336,Silver
27,27,242,249832,226,0.6247939919422402,0.9338842975206612,11,15,96.27507421291791,Silver
29,29,252,392810,168,0.9823614587996389,0.6666666666666666,11,11,79.24382434317087,Silver
31,31,275,214614,191,0.5367188261979728,0.6945454545454546,10,13,48.46083074362061,Bronze
32,32,197,326009,166,0.8153017408462399,0.8426395939086294,10,14,96.18077389475437,Silver
33,33,177,300403,157,0.7512648081968074,0.8870056497175142,10,12,79.96513551654155,Silver
34,34,234,330238,180,0.825877863168135,0.7692307692307693,13,14,115.6229008435389,Gold
40,40,237,235557,146,0.589094264785689,0.6160337552742616,13,13,61.33042991275145,Silver
41,41,203,306061,142,0.7654146545191728,0.6995073891625616,15,11,88.34317909056266,Silver
42,42,241,361104,151,0.9030693012356732,0.6265560165975104,14,11,87.13681963043295,Silver
43,43,187,259198,168,0.6482170143274071,0.8983957219251337,10,10,58.235539255082564,Silver
46,46,265,226834,226,0.5672792931579066,0.8528301886792453,14,13,88.05030900441893,Silver
47,47,189,364600,163,0.9118122957112811,0.8624338624338624,13,14,143.12075960090405,Gold
48,48,224,299917,200,0.7500493919167315,0.8928571428571429,10,13,87.05930441890634,Silver
49,49,183,279835,165,0.6998271908128534,0.9016393442622951,14,10,88.33884211899952,Silver
53,53,259,238776,234,0.5971445219987845,0.9034749034749034,13,12,84.1627939422534,Silver
54,54,257,257869,207,0.6448933759812736,0.8054474708171206,13,14,94.5358484308113,Silver
55,55,276,331631,208,0.8293615563330441,0.7536231884057971,15,13,121.88008958285604,Gold
57,57,203,325085,162,0.8129909494001696,0.7980295566502463,11,10,71.36698876015282,Silver
58,58,276,358951,265,0.897684957097806,0.9601449275362319,11,15,142.21476358370134,Gold
59,59,255,338215,216,0.8458271958145664,0.8470588235294118,10,13,93.14050062146285,Silver
60,60,263,396832,149,0.9924199038170574,0.5665399239543726,15,13,109.63787188366767,Gold
61,61,244,351903,164,0.8800589201801617,0.6721311475409836,14,13,107.65573217023551,Gold
62,62,267,308949,156,0.7726371282164142,0.5842696629213483,12,15,81.2571182034341,Silver
64,64,202,241503,167,0.603964357792544,0.8267326732673267,10,12,59.91804816912169,Silver
65,65,279,390325,135,0.9761468302893741,0.4838709677419355,13,15,92.10417672891676,Silver
66,66,203,366109,192,0.9155860882352206,0.9458128078817734,11,10,95.25703538683673,Silver
67,67,202,383800,202,0.9598287413439103,1.0,15,10,143.97431120158654,Gold
68,68,211,210864,159,0.5273406141603499,0.7535545023696683,12,10,47.68558728995013,Bronze
70,70,232,382508,207,0.9565976346898812,0.8922413793103449,11,15,140.83013884841765,Gold
72,72,209,249157,205,0.6231059137754681,0.9808612440191388,12,15,110.01247951346781,Gold
74,74,261,313414,189,0.7838034526825438,0.7241379310344828,13,12,88.54276244786254,Silver
75,75,244,221954,219,0.55507511322628,0.8975409836065574,10,11,54.80229294107003,Silver
77,77,238,397815,209,0.9948782457991863,0.8781512605042017,14,15,183.46725297532055,Platinum
78,78,222,369470,205,0.923991467077474,0.9234234234234234,11,13,122.01265701520789,Gold
80,80,237,390463,230,0.9764919484923587,0.9704641350210971,12,12,136.46165963741316,Gold
81,81,234,243787,148,0.6096763141375922,0.6324786324786325,15,11,63.62519483435897,Silver
82,82,203,395720,198,0.9896389513408342,0.9753694581280788,15,11,159.26849527243868,Platinum
83,83,267,301062,258,0.7529128726588856,0.9662921348314607,11,14,112.04020320780091,Gold
87,87,162,367747,154,0.9196824912532542,0.9506172839506173,15,14,183.5958751057422,Platinum
88,88,249,272425,247,0.6812958438265105,0.9919678714859438,15,10,101.37353820792055,Gold
89,89,207,387996,190,0.9703223353998744,0.9178743961352657,11,15,146.95461456418388,Gold
90,90,257,282261,143,0.7058942687870595,0.556420233463035,11,15,64.80768588338782,Silver
92,92,249,295498,235,0.7389981068515967,0.9437751004016064,13,13,117.8687141108882,Gold
95,95,234,384838,234,0.9624246304359243,1.0,10,11,105.86670934795167,Gold
96,96,251,232607,157,0.5817167379827591,0.6254980079681275,11,13,52.03236049582042,Silver
98,98,221,292729,144,0.7320732350830159,0.6515837104072398,10,10,47.7006994805223,Bronze
99,99,272,380595,162,0.9518134961224219,0.5955882352941176,14,14,111.11022841499684,Gold
101,101,232,216474,222,0.5413704193686337,0.9568965517241379,14,11,79.7774650748916,Silver
102,102,280,396451,150,0.9914670774740348,0.5357142857142857,14,15,111.54004621582892,Gold
108,108,252,375221,151,0.9383738930583725,0.5992063492063492,12,15,101.21032703701016,Gold
109,109,170,247921,166,0.6200148550878676,0.9764705882352941,14,10,84.7596778367179,Silver
110,110,260,315630,146,0.789345350782643,0.5615384615384615,12,15,79.78459930218406,Silver
111,111,262,373247,210,0.9334372022417678,0.8015267175572519,14,11,115.21892794083502,Gold
112,112,170,319886,161,0.7999889962312092,0.9470588235294117,14,11,116.67604219150941,Gold
113,113,261,269872,261,0.6749111570712969,1.0,10,12,80.98933884855562,Silver
114,114,267,298745,207,0.7471183880479064,0.7752808988764045,11,15,95.57239154972375,Silver
117,117,199,231416,152,0.5787382178396101,0.7638190954773869,12,14,74.26461874749891,Silver
118,118,204,271906,183,0.6799978992805036,0.8970588235294118,10,14,85.39973617434559,Silver
119,119,240,294761,149,0.7371549755791359,0.6208333333333333,11,14,70.47815862349522,Silver
120,120,244,260294,198,0.6509579530989363,0.8114754098360656,13,10,68.67072833101074,Silver
121,121,248,324716,136,0.8120681333356675,0.5483870967741935,14,10,62.34587604318995,Silver
122,122,263,261032,220,0.6528035852279406,0.8365019011406845,12,10,65.52857281375525,Silver
124,124,156,218540,152,0.5465371889872281,0.9743589743589743,15,11,87.86636346025438,Silver
125,125,188,230581,162,0.5766500026258994,0.8617021276595744,10,12,59.6280641013164,Silver
128,128,277,219197,170,0.5481802517362196,0.6137184115523465,15,15,75.6963705014816,Silver
129,129,174,260547,150,0.651590669804408,0.8620689655172413,12,15,101.10889703861503,Gold
131,131,181,383419,146,0.9588759150008878,0.8066298342541437,13,10,100.54952965036934,Gold
133,133,186,206452,140,0.5163068350910187,0.7526881720430108,12,10,46.63416575015653,Bronze
134,134,280,392580,140,0.9817862617946647,0.5,13,14,89.34254982331449,Silver
136,136,197,267396,143,0.6687190362699225,0.7258883248730964,12,11,64.07482501843175,Silver
137,137,209,396554,161,0.9917246656980016,0.7703349282296651,11,13,109.24630133189036,Gold
138,138,274,331806,161,0.8297992062281332,0.5875912408759124,12,11,64.36092237503755,Silver
139,139,244,289583,174,0.7242055403975862,0.7131147540983607,15,11,85.2128732164537,Silver
142,142,215,315549,146,0.7891427814026304,0.6790697674418604,15,15,120.57367613523911,Gold
144,144,267,360230,244,0.9008835526167712,0.9138576779026217,13,10,107.02631568915349,Gold
145,145,269,359556,156,0.8991979753065424,0.5799256505576208,12,13,81.34900344631976,Silver
146,146,249,297183,160,0.7432120501271685,0.642570281124498,15,12,85.96187567735925,Silver
148,148,239,339395,148,0.8487782065357385,0.6192468619246861,12,11,69.37962779448614,Silver
149,149,234,205036,207,0.5127656222256123,0.8846153846153846,15,12,81.64806446207825,Silver
150,150,279,247488,228,0.6189319842045901,0.8172043010752689,14,13,92.05448608083752,Silver
151,151,252,352711,230,0.8820796122672016,0.9126984126984127,12,14,135.25220721430424,Gold
153,153,275,378668,226,0.9469943455633555,0.8218181818181818,11,13,111.29077549060555,Gold
155,155,182,302238,176,0.7558538799538842,0.967032967032967,13,14,133.03028287188363,Gold
156,156,196,327547,196,0.8191480582099369,1.0,12,13,127.78709708075016,Gold
157,157,230,368419,165,0.9213630668503963,0.717391304347826,13,12,103.11254495969217,Gold
159,159,184,319696,161,0.7995138334879697,0.875,12,10,83.9489525162368,Silver
160,160,214,329503,171,0.824039733608761,0.7990654205607477,10,11,72.43078219243361,Silver
162,162,161,294039,140,0.7353493571548255,0.8695652173913043,14,11,98.47287043638532,Silver
163,163,263,222452,135,0.5563205397848763,0.5133079847908745,15,13,55.684936159075534,Silver
165,165,202,210319,174,0.5259776473442154,0.8613861386138614,13,15,88.34862165539221,Silver
167,167,243,209973,219,0.5251123509802107,0.9012345679012346,15,11,78.08615145131652,Silver
169,169,269,344553,174,0.8616776245864208,0.6468401486988847,14,13,101.44091827287276,Gold
171,171,196,214293,184,0.5359160512475523,0.9387755102040817,12,10,60.37258373237732,Silver
173,173,273,273134,244,0.6830689511157572,0.8937728937728938,14,14,119.65966856468853,Gold
175,175,174,387630,138,0.9694070219050025,0.7931034482758621,10,14,107.63760725979684,Gold
176,176,183,261255,163,0.6533612762371113,0.8907103825136612,10,14,81.47379411874797,Silver
177,177,262,350551,246,0.8766777621335308,0.9389312977099237,13,10,107.00822455355082,Gold
178,178,161,241061,148,0.6028589792003761,0.9192546583850931,14,12,93.10239539651026,Silver
179,179,248,282733,179,0.7070746730755284,0.7217741935483871,13,15,99.51790912782792,Silver
181,181,269,200055,223,0.5003088557831057,0.828996282527881,12,10,49.770501787196686,Bronze
182,182,256,368694,158,0.922050802399822,0.6171875,10,11,62.59860525667541,Silver
183,183,227,364809,204,0.9123349747288446,0.8986784140969163,15,15,184.47654334825538,Platinum
184,184,270,370264,208,0.9259771471729067,0.7703703703703704,14,14,139.81569013312986,Gold
185,185,217,390486,169,0.976549468192856,0.7788018433179723,11,11,92.0251616362936,Silver
186,186,246,246110,138,0.6154858038878316,0.5609756097560976,10,14,48.33815337850776,Bronze
188,188,190,288523,165,0.7215546324616181,0.868421052631579,13,12,97.75166441874764,Silver
189,189,268,223381,185,0.5586438355136635,0.6902985074626866,14,11,59.38717490218013,Silver
190,190,184,366429,140,0.9163863623290978,0.7608695652173914,14,14,136.66109664299154,Gold
191,191,187,201934,179,0.5050079652280907,0.9572192513368984,12,10,58.00840156737641,Silver
192,192,225,245411,212,0.6137377051640187,0.9422222222222222,10,10,57.82773044212087,Silver
193,193,153,304292,135,0.7609906392939582,0.8823529411764706,15,10,100.719349318318,Gold
194,194,253,248063,248,0.6203699767170255,0.9802371541501976,12,10,72.97316405967858,Silver
195,195,226,254935,149,0.6375558628830374,0.6592920353982301,12,15,75.66039045364188,Silver
196,196,203,292169,157,0.7306727554187309,0.7733990147783252,12,14,94.9370669799234,Silver
197,197,205,273711,160,0.6845119453412793,0.7804878048780488,15,12,96.16558061379924,Silver
199,199,227,307288,135,0.7684832054978831,0.5947136563876652,15,13,89.12035411776111,Silver
200,200,185,321057,145,0.8029174992434909,0.7837837837837838,10,13,81.81078303102596,Silver
201,201,259,298796,187,0.7472459317316181,0.722007722007722,10,11,59.34690662439916,Silver
203,203,254,221868,175,0.5548600395635506,0.6889763779527559,15,15,86.01422857407404,Silver
204,204,243,321928,169,0.8050957452927627,0.6954732510288066,14,10,78.38915775155047,Silver
205,205,260,316567,175,0.7916886533637771,0.6730769230769231,14,14,104.44200311683677,Gold
206,206,256,363285,228,0.9085236693567547,0.890625,12,13,126.22800731125407,Gold
209,209,236,301292,188,0.7534880696638598,0.7966101694915254,10,15,90.03543883271546,Silver
212,212,176,372198,136,0.9308138037277768,0.7727272727272727,14,11,110.76684264360543,Gold
215,215,179,338554,135,0.8466749861827676,0.7541899441340782,11,13,91.31318775563312,Silver
216,216,239,344797,140,0.8622878335830022,0.5857740585774058,15,12,90.91905190917012,Silver
218,218,203,305281,171,0.7634639864153473,0.8423645320197044,10,11,70.74264819937281,Silver
219,219,231,385250,159,0.9634549833317911,0.6883116883116883,10,12,79.57887914272976,Silver
221,221,232,210859,183,0.5273281098776331,0.7887931034482759,12,13,64.8886331068391,Silver
222,222,258,299562,209,0.7491615878438365,0.810077519379845,15,14,127.44458174599218,Gold
223,223,177,221354,167,0.5535745993002603,0.943502824858757,10,14,73.12188774937901,Silver
224,224,180,295650,174,0.7393782370461883,0.9666666666666667,15,12,128.65181324603677,Gold
226,226,183,287487,181,0.7189637450826908,0.9890710382513661,10,11,78.22168395954301,Silver
229,229,238,325564,156,0.8141888596844419,0.6554621848739496,12,12,76.84848127710632,Silver
230,230,268,395223,216,0.9883960256387813,0.8059701492537313,14,15,167.2897153842355,Platinum
231,231,227,283112,197,0.7080224977054641,0.8678414096916299,14,12,103.2278087403526,Gold
232,232,270,278798,260,0.6972338025773828,0.9629629629629629,14,12,112.79693517251879,Gold
233,233,200,362626,148,0.9068756048946764,0.74,13,12,104.68971982904145,Gold
237,237,277,247528,202,0.6190320184663247,0.7292418772563177,12,12,65.00506625685362,Silver
238,238,278,287898,200,0.7199915971220143,0.7194244604316546,10,14,72.51713927847626,Silver
239,239,265,298420,218,0.7463056096713124,0.8226415094339623,11,12,81.04034046755353,Silver
241,241,277,298718,188,0.7470508649212355,0.6787003610108303,14,10,70.98331684016938,Silver
242,242,268,393010,176,0.9828616301083121,0.6567164179104478,13,15,125.86496696013907,Gold
245,245,277,250957,243,0.627607455553527,0.8772563176895307,11,13,78.73188257411375,Silver
246,246,232,323049,140,0.8078992054778762,0.603448275862069,10,13,63.37829974007477,Silver
248,248,174,308985,166,0.7727271590519753,0.9540229885057471,14,10,103.20792630096497,Gold
251,251,209,379323,151,0.9486324065992603,0.722488038277512,10,14,95.95257930865245,Silver
253,253,267,344069,163,0.8604672100194316,0.6104868913857678,10,11,57.783434740256205,Silver
254,254,216,313691,191,0.7844961899450562,0.8842592592592593,14,13,126.25303960587985,Gold
255,255,274,338752,260,0.8471701557783541,0.948905109489051,15,13,156.75739743781952,Platinum
257,257,162,350033,144,0.8753823184440671,0.8888888888888888,11,15,128.38940670512983,Gold
263,263,236,243456,144,0.6088485306217379,0.6101694915254238,14,15,78.01516765254812,Silver
265,265,176,397227,143,0.9934077421516869,0.8125,10,12,96.85725485978946,Silver
269,269,277,364503,257,0.9115697126265746,0.927797833935018,13,14,153.92693768373792,Platinum
270,270,178,305581,141,0.7642142433783571,0.7921348314606742,14,13,110.17565119986179,Gold
271,271,265,202408,143,0.5061933712296461,0.539622641509434,14,10,38.241476573651,Bronze
272,272,207,321048,143,0.8028949915346006,0.6908212560386473,13,12,86.52648053697523,Silver
273,273,253,223656,239,0.5593315710630891,0.9446640316205533,12,14,88.76791004476344,Silver
275,275,278,258301,207,0.6459737460080077,0.7446043165467626,12,14,80.8071330617787,Silver
276,276,278,232319,195,0.5809964912982697,0.7014388489208633,15,11,67.24302916374758,Silver
277,277,217,215074,154,0.5378692202079212,0.7096774193548387,14,14,74.81587346892117,Silver
278,278,257,272123,164,0.680540585150414,0.6381322957198443,11,11,52.54726603783975,Silver
281,281,253,203132,242,0.5080039913670432,0.9565217391304348,12,13,75.80303036398664,Silver
282,282,257,356532,151,0.8916353851194034,0.5875486381322957,14,13,95.34600643521964,Silver
284,284,168,310706,167,0.7770311331631083,0.9940476190476191,11,11,93.46111968944602,Silver
285,285,247,393560,230,0.9842371012071635,0.9311740890688259,12,13,142.9733894385143,Gold
287,287,265,232250,225,0.5808239321967774,0.8490566037735849,10,14,69.04133533659808,Silver
288,288,236,260236,170,0.6508129034194211,0.7203389830508474,14,12,78.75939204092654,Silver
292,292,271,207003,220,0.5176848070464134,0.8118081180811808,13,14,76.48745267209739,Silver
293,293,227,377667,206,0.944490988163446,0.9074889867841409,13,14,155.99496091728597,Platinum
294,294,269,263054,177,0.6578603171586268,0.6579925650557621,15,10,64.9300796303403,Silver
295,295,273,223208,185,0.5582111873316611,0.6776556776556777,12,14,63.55019671160449,Silver
296,296,276,320866,266,0.802439835643708,0.9637681159420289,12,11,102.08430256928216,Gold
297,297,279,295860,163,0.7399034169202952,0.5842293906810035,14,15,90.77739771032867,Silver
299,299,214,274329,146,0.6860574746850796,0.6822429906542056,14,13,85.18653839874736,Silver
301,301,197,281620,189,0.7042912197427619,0.9593908629441624,15,11,111.48894257704583,Gold
302,302,184,348459,152,0.8714459702448089,0.8260869565217391,14,12,120.94154508788824,Gold
303,303,233,391549,218,0.9792078786984543,0.9356223175965666,14,15,192.39543642409973,Platinum
304,304,270,254783,162,0.6371757326884457,0.6,12,12,55.05198330428171,Silver
305,305,199,286706,184,0.7170105761223219,0.9246231155778895,13,15,129.27808779532114,Gold
306,306,280,280506,162,0.701505265553452,0.5785714285714286,14,15,85.23288976474443,Silver
307,307,236,235333,154,0.5885340729199751,0.652542372881356,12,11,50.6937315013443,Silver
308,308,270,304187,206,0.7607280493569047,0.762962962962963,13,12,90.54354294123516,Silver
309,309,175,257927,154,0.6450384256607888,0.88,13,12,88.55087507471309,Silver
311,311,249,209659,198,0.5243270820255937,0.7951807228915663,11,14,64.20795736997752,Silver
313,313,245,275883,177,0.6899438057534706,0.7224489795918367,11,15,82.24411774298004,Silver
316,316,237,353406,139,0.8838177075648409,0.5864978902953587,12,12,74.64343980851416,Silver
317,317,255,208641,241,0.5217812100644471,0.9450980392156862,13,11,70.51821899000409,Silver
318,318,279,325363,216,0.8136861875192254,0.7741935483870968,11,14,97.01239190551796,Silver
320,320,265,225666,183,0.564358292715255,0.690566037735849,11,13,55.730913819115116,Silver
322,322,246,232383,238,0.581156546117045,0.967479674796748,14,12,94.45920056887778,Silver
323,323,274,230273,222,0.5758797388105427,0.8102189781021898,13,15,90.9847952303226,Silver
325,325,260,248492,233,0.6214428441741296,0.8961538461538462,12,15,100.2435110948577,Gold
327,327,239,227642,188,0.5692999852449464,0.7866108786610879,11,14,68.96390448875184,Silver
328,328,243,365340,161,0.913662929553372,0.6625514403292181,12,10,72.64184279411994,Silver
329,329,222,301774,214,0.7546934825177624,0.963963963963964,10,10,72.74973209855908,Silver
330,330,171,209604,140,0.5241895349157086,0.8187134502923976,12,14,72.09905181998518,Silver
331,331,280,328561,188,0.8216839267449101,0.6714285714285714,10,15,82.75530976502309,Silver
334,334,267,292035,198,0.7303376406419199,0.7415730337078652,10,12,64.99184397622477,Silver
335,335,267,250292,214,0.6259443859521886,0.8014981273408239,14,11,77.26076098666789,Silver
337,337,159,399631,151,0.9994198012819391,0.949685534591195,10,11,104.40479810876106,Gold
338,338,214,234540,184,0.5865508936810858,0.8598130841121495,10,15,75.6486199327008,Silver
339,339,198,231739,147,0.5795459945031173,0.7424242424242424,12,10,51.63227951027772,Silver
340,340,233,323986,208,0.8102425080590102,0.8927038626609443,10,13,94.02986016272806,Silver
342,342,212,222586,207,0.5566556545616874,0.9764150943396226,13,10,70.65850785025947,Silver
344,344,240,204522,206,0.5114801819623221,0.8583333333333333,14,13,79.90172909221408,Silver
349,349,244,370277,214,0.9260096583079704,0.8770491803278688,14,11,125.07202581638309,Gold
350,350,156,276005,144,0.6902489102517613,0.9230769230769231,13,13,107.67882999927477,Gold
352,352,255,343972,233,0.8602246269347251,0.9137254901960784,12,13,122.61743035224859,Gold
353,353,219,366680,186,0.9170140773214827,0.8493150684931506,10,10,77.88338738894784,Silver
355,355,246,278006,144,0.6952531241950368,0.5853658536585366,11,10,44.767518240851146,Bronze
356,356,233,248492,228,0.6214428441741296,0.9785407725321889,13,13,102.77011017904535,Gold
358,358,164,341395,152,0.8537799196224707,0.926829268292683,13,14,144.01809570997577,Gold
361,361,229,211542,212,0.5290361948967521,0.925764192139738,10,15,73.4644148371909,Silver
362,362,255,293693,162,0.7344840607908208,0.6352941176470588,10,12,55.993608399111984,Silver
369,369,178,241416,174,0.6037467832732711,0.9775280898876404,14,10,82.62512157604992,Silver
371,371,279,202413,264,0.506205875512363,0.946236559139785,15,11,79.03343346709151,Silver
373,373,221,216653,161,0.5418180726898962,0.7285067873303167,14,15,82.89081012509227,Silver
374,374,247,396938,184,0.9926849946106542,0.7449392712550608,11,15,122.01585601773063,Gold
376,376,216,294462,186,0.7364072194726694,0.8611111111111112,15,12,114.14311901826377,Gold
377,377,276,326622,191,0.8168347659073233,0.6920289855072463,10,15,84.7910001566841,Silver
378,378,175,235570,147,0.5891267759207529,0.84,14,15,103.9219632724208,Gold
379,379,212,273944,197,0.6850946449158837,0.9292452830188679,11,11,77.0311370323581,Silver
380,380,200,283457,195,0.7088852932129255,0.975,15,11,114.04192154562938,Gold
381,381,226,292654,149,0.7318856708422635,0.6592920353982301,13,11,69.00127428600048,Silver
382,382,189,280890,182,0.7024655944661047,0.9629629629629629,11,12,89.29118222991373,Silver
383,383,179,279039,155,0.697836509004334,0.8659217877094972,10,12,72.51262048871851,Silver
384,384,240,353212,141,0.8833325413954279,0.5875,14,12,87.18492183572874,Silver
386,386,266,219994,146,0.5501734344012824,0.5488721804511278,14,15,63.41472743888466,Silver
387,387,266,252751,206,0.6320939921923259,0.7744360902255639,10,10,48.951639996849295,Bronze
388,388,268,266477,258,0.666420749106569,0.9626865671641791,12,15,115.47977458398904,Gold
389,389,278,242552,166,0.6065877563065349,0.5971223021582733,14,13,65.92168810623393,Silver
392,392,237,371246,181,0.9284329882984922,0.7637130801687764,14,12,119.12147809358882,Gold
393,393,175,314352,166,0.7861492561202211,0.9485714285714286,12,10,89.48624675379888,Silver
395,395,227,245079,183,0.6129074207916211,0.8061674008810573,15,15,111.17384604006607,Gold
396,396,237,268604,209,0.6717400709743087,0.8818565400843882,12,10,71.08540497905342,Silver
397,397,238,204525,154,0.5114876845319521,0.6470588235294118,12,10,39.71551432836335,Bronze
399,399,169,290491,154,0.7264763181389626,0.9112426035502958,11,11,80.10153675858834,Silver
400,400,276,381557,181,0.9542193201171402,0.6557971014492754,11,15,103.25275360615359,Gold
401,401,264,376841,235,0.9424252806586256,0.8901515151515151,12,10,100.6681549794441,Gold
404,404,228,365830,174,0.9148883492596214,0.7631578947368421,15,14,146.62289597344986,Gold
405,405,279,230732,252,0.5770276319639477,0.9032258064516129,12,14,87.55928970188418,Silver
406,406,237,271657,197,0.6793751860012054,0.8312236286919831,12,10,67.76552488214554,Silver
407,407,270,241276,172,0.6033966633571999,0.6370370370370371,11,11,46.51070873255572,Bronze
409,409,214,328017,181,0.8203234607853189,0.8457943925233645,14,11,106.84904741088775,Gold
410,410,270,249156,186,0.6231034129189247,0.6888888888888889,12,12,61.81185856155732,Silver
411,411,251,243547,243,0.6090761085671843,0.9681274900398407,15,10,88.44949863455726,Silver
413,413,245,332986,179,0.8327502169493052,0.7306122448979592,11,13,87.003703278577,Silver
414,414,258,230703,225,0.5769551071241901,0.872093023255814,10,13,65.4106080751262,Silver
415,415,255,271213,150,0.6782648056959508,0.5882352941176471,15,14,83.78565246832333,Silver
417,417,236,359293,201,0.8985402500356372,0.8516949152542372,15,10,114.79232431599347,Gold
418,418,225,214909,175,0.5374565788782658,0.7777777777777778,14,10,58.523049700077834,Silver
419,419,253,388239,170,0.9709300435399124,0.6719367588932806,15,14,137.00475317934732,Gold
420,420,268,251858,171,0.6298607272990999,0.6380597014925373,14,14,78.77019453789788,Silver
423,423,258,365177,193,0.9132552899368034,0.748062015503876,14,15,143.46603450053738,Gold
424,424,207,376217,200,0.9408647461755651,0.966183574879227,15,10,136.3572095906616,Gold
425,425,202,242238,194,0.605802487351918,0.9603960396039604,13,15,113.45301037882702,Gold
426,426,237,270964,234,0.6776420924166527,0.9873417721518988,10,14,93.66900821759302,Silver
428,428,219,245547,162,0.6140778216539164,0.7397260273972602,14,15,95.39236298021113,Silver
429,429,232,284494,168,0.7114786814483961,0.7241379310344828,12,12,74.19005285172241,Silver
430,430,273,336740,194,0.8421384324131015,0.7106227106227107,13,12,93.35706050750954,Silver
431,431,259,220327,246,0.5510062196302233,0.9498069498069498,10,13,68.03543978291329,Silver
432,432,270,319701,249,0.7995263377706865,0.9222222222222223,14,12,123.87328059860505,Gold
434,434,193,360180,170,0.9007585097896029,0.8808290155440415,14,14,155.50918935849518,Platinum
435,435,221,259227,137,0.6482895391671648,0.6199095022624435,15,13,78.36676488167787,Silver
438,438,201,259743,187,0.6495799811435417,0.9303482587064676,15,14,126.91047691296954,Gold
439,439,225,224660,215,0.5618424310326287,0.9555555555555556,15,12,96.63689813761214,Silver
443,443,240,299211,139,0.748283787197115,0.5791666666666667,14,15,91.01001561784912,Silver
446,446,194,236049,161,0.5903246862050252,0.8298969072164949,14,15,102.88081258037063,Gold
450,450,153,370561,138,0.9267199015662865,0.9019607843137255,13,14,152.12743168456765,Platinum
451,451,280,377712,223,0.9446035267078975,0.7964285714285714,15,14,157.98493984189582,Platinum
454,454,205,351138,163,0.8781457649244866,0.7951219512195122,13,12,108.9243439536578,Gold
455,455,254,302299,165,0.7560064322030295,0.6496062992125984,11,15,81.03257919971448,Silver
456,456,191,225789,177,0.564665898070089,0.9267015706806283,14,14,102.56224783166246,Gold
457,457,272,374414,135,0.9363557018278761,0.4963235294117647,11,13,66.45715744039394,Silver
458,458,199,220690,147,0.5519140305554653,0.7386934673366834,13,11,58.30042631309766,Silver
460,460,273,360700,140,0.9020589551921533,0.5128205128205128,14,14,90.6684898552113,Silver
461,461,270,381111,241,0.9531039380987988,0.8925925925925926,14,11,131.01296132814377,Gold
462,462,275,267038,256,0.6678237296273973,0.9309090909090909,10,15,93.25247715524385,Silver
464,464,268,393163,252,0.9832442611594471,0.9402985074626866,14,10,129.43603557352722,Gold
465,465,221,325659,150,0.8144264410560617,0.6787330316742082,14,12,92.86672540548759,Silver
467,467,261,241402,226,0.603711771281664,0.8659003831417624,10,15,78.41313810899773,Silver
472,472,255,245111,246,0.6129874482010088,0.9647058823529412,12,12,85.15477398067662,Silver
473,473,190,251693,144,0.6294480859694446,0.7578947368421053,12,13,74.42064106956633,Silver
478,478,256,353074,171,0.8829874231924434,0.66796875,10,13,76.67504069362506,Silver
480,480,212,252767,202,0.6321340058970197,0.9528301886792453,13,10,78.30112733422517,Silver
482,482,175,224669,151,0.561864938741519,0.8628571428571429,14,12,81.4479415199706,Silver
483,483,201,272166,190,0.6806481219817787,0.945273631840796,15,12,115.81177000883997,Gold
484,484,176,298763,146,0.747163403465687,0.8295454545454546,12,11,81.81439267949273,Silver
485,485,268,279242,248,0.6983441828826373,0.9253731343283582,11,11,78.19370238784396,Silver
486,486,210,226487,139,0.5664114959373585,0.6619047619047619,13,12,58.48603275193182,Silver
487,487,249,216332,204,0.5410152977394758,0.8192771084337349,15,11,73.13483904381829,Silver
488,488,258,304709,230,0.7620334964725418,0.8914728682170543,14,15,142.65975922334795,Gold
489,489,222,337273,180,0.8434713889507156,0.8108108108108109,14,10,95.74540090791908,Silver
491,491,190,300045,152,0.7503695015542824,0.8,13,14,109.25379942630353,Gold
492,492,185,312720,145,0.7820678582414476,0.7837837837837838,11,13,87.65501103046711,Silver
494,494,267,306442,185,0.7663674808621953,0.6928838951310862,12,14,89.20861912058812,Silver
495,495,194,324477,136,0.811470428621803,0.7010309278350515,13,10,73.95256277336844,Silver
497,497,274,385649,208,0.9644528250925942,0.7591240875912408,15,14,153.74926788337413,Platinum
498,498,204,251290,136,0.628440240782468,0.6666666666666666,11,13,59.91130295459528,Silver
500,500,266,368702,184,0.9220708092521689,0.6917293233082706,12,13,99.50045304050471,Silver
503,503,250,353600,186,0.884302873734254,0.744,12,12,94.74067268039305,Silver
505,505,239,294494,231,0.7364872468820571,0.9665271966527197,13,14,129.55396164608973,Gold
506,506,248,387633,245,0.9694145244746326,0.9879032258064516,13,10,124.4994056633752,Gold
507,507,170,354621,143,0.8868562482650307,0.8411764705882353,12,15,134.2804695902464,Gold
508,508,207,207055,155,0.5178148515866684,0.748792270531401,15,15,87.24054564775392,Silver
509,509,270,240680,160,0.6019061528573536,0.5925925925925926,10,12,42.8022153143007,Bronze
510,510,225,292705,174,0.7320132145259751,0.7733333333333333,14,11,87.17789376194679,Silver
512,512,240,273968,217,0.6851546654729245,0.9041666666666667,10,10,61.94940100317692,Silver
513,513,250,342317,245,0.8560857093554542,0.98,12,11,110.74324736222157,Gold
514,514,257,263760,167,0.6596259218782433,0.6498054474708171,10,11,47.14913690623864,Bronze
515,515,192,265279,181,0.6634247229676165,0.9427083333333334,12,15,112.57488267856743,Gold
516,516,201,346900,159,0.867547134893701,0.7910447761194029,14,11,105.68536888063267,Gold
517,517,254,301801,145,0.7547610056444333,0.5708661417322834,10,12,51.7041003866659,Silver
518,518,247,206415,205,0.5162143033989142,0.8299595141700404,10,10,42.843697245658866,Bronze
523,523,191,207312,145,0.5184575717183135,0.7591623036649214,10,11,43.29527889480158,Bronze
525,525,172,253637,138,0.6343097510897482,0.8023255813953488,15,11,83.97228507159049,Silver
527,527,207,353812,175,0.8848330553214476,0.8454106280193237,13,11,106.97075946579336,Gold
528,528,200,352344,150,0.8811617979157862,0.75,13,12,103.09593035614697,Gold
530,530,206,272100,141,0.6804830654499165,0.6844660194174758,11,15,76.8516432897685,Silver
535,535,169,315010,151,0.787794819725756,0.893491124260355,12,15,126.69978224938491,Gold
536,536,247,345074,247,0.8629805708455146,1.0,15,12,155.33650275219262,Platinum
539,539,271,300611,189,0.7517849863578275,0.6974169741697417,13,13,88.6079861596139,Silver
541,541,250,359148,194,0.8981776258368491,0.776,10,13,90.60815889442135,Silver
544,544,225,252470,164,0.63139125150364,0.7288888888888889,12,15,82.83853219727756,Silver
545,545,203,311342,178,0.7786216779246892,0.8768472906403941,14,15,143.37378483164966,Gold
546,546,159,245269,155,0.6133825835348606,0.9748427672955975,12,14,100.45586462419982,Gold
549,549,266,358888,219,0.8975274031355739,0.8233082706766918,12,15,133.00951214888846,Gold
550,550,246,351146,168,0.8781657717768335,0.6829268292682927,11,11,72.56647889707102,Silver
551,551,266,206511,214,0.5164543856270772,0.8045112781954887,13,13,70.21838086687546,Silver
553,553,275,380359,138,0.9512232939781875,0.5018181818181818,12,12,68.73712471976198,Silver
557,557,263,275327,209,0.688553329515359,0.7946768060836502,14,12,91.92579660054481,Silver
560,560,275,370433,205,0.9263997919287356,0.7454545454545455,11,15,113.94717440723448,Gold
561,561,243,326479,219,0.8164771434216219,0.9012345679012346,12,15,132.45073659950754,Gold
562,562,210,363441,208,0.9089138029775198,0.9904761904761905,12,14,151.2432568154593,Platinum
563,563,259,382433,215,0.9564100704491288,0.8301158301158301,14,12,133.38043144641907,Gold
564,564,224,235489,219,0.5889242065407402,0.9776785714285714,15,13,112.27682250143889,Gold
565,565,277,304133,221,0.7605930031035629,0.7978339350180506,11,10,66.75095994746431,Silver
566,566,239,255843,238,0.6398266406244139,0.99581589958159,13,10,82.82944042225675,Silver
567,567,249,275544,148,0.6890960153852694,0.5943775100401606,10,13,53.24581259442805,Silver
569,569,167,220976,147,0.5526292755268679,0.8802395209580839,11,11,58.85998157961916,Silver
571,571,260,384729,148,0.9621520370726974,0.5692307692307692,14,12,92.01133942221364,Silver
572,572,194,372349,145,0.9311914330658251,0.7474226804123711,13,11,99.52708435371073,Silver
573,573,274,237871,239,0.5948812468270382,0.8722627737226277,10,12,62.26713196715131,Silver
576,576,184,202323,145,0.50598079842346,0.7880434782608695,14,14,78.15203419127572,Silver
578,578,247,206640,163,0.5167769961211715,0.659919028340081,12,14,57.293203488996596,Silver
579,579,260,394024,145,0.9853974986432853,0.5576923076923077,14,15,115.4052070526463,Gold
580,580,261,220704,242,0.5519490425470723,0.9272030651340997,15,11,84.44185926783372,Silver
582,582,246,215255,206,0.5383218752422705,0.8373983739837398,15,15,101.42771917674486,Gold
583,583,162,354018,149,0.885348231769381,0.9197530864197531,15,13,158.788844901601,Platinum
584,584,261,272448,188,0.681353363527008,0.7203065134099617,14,13,89.32255435417666,Silver
586,586,268,299467,162,0.7489240064722167,0.6044776119402985,14,11,69.71700042339127,Silver
587,587,207,261844,158,0.6548342807411538,0.7632850241545893,14,10,69.97552797098706,Silver
589,589,272,293736,167,0.7345915976221856,0.6139705882352942,15,10,67.65264529571967,Silver
590,590,276,235377,161,0.5886441106078832,0.5833333333333334,13,14,62.494383076203604,Silver
591,591,275,280150,162,0.7006149606240137,0.5890909090909091,10,10,41.27259040766918,Bronze
592,592,189,234149,165,0.5855730587726297,0.873015873015873,15,14,107.3550607749821,Gold
593,593,252,393010,181,0.9828616301083121,0.7182539682539683,14,11,108.7154169747583,Gold
595,595,239,335931,135,0.8401152394695183,0.5648535564853556,15,14,99.65383698309977,Silver
596,596,202,274200,168,0.6857348641909854,0.8316831683168316,14,11,87.82837824925333,Silver
597,597,257,354970,220,0.8877290471986655,0.8560311284046692,11,15,125.38741016852745,Gold
600,600,168,308961,139,0.7726671384949345,0.8273809523809523,13,13,108.0400223237173,Gold
601,601,207,359070,176,0.8979825590264666,0.8502415458937198,13,12,119.10632435087278,Gold
602,602,236,373661,181,0.9344725568507214,0.7669491525423728,10,12,86.00315226609182,Silver
605,605,183,264956,142,0.6626169463041092,0.7759562841530054,14,14,100.77570956030583,Gold
606,606,258,386756,219,0.9672212732861005,0.8488372093023255,10,11,90.3114747033417,Silver
607,607,263,288573,254,0.7216796752887864,0.9657794676806084,15,12,125.45701427453731,Gold
608,608,248,352424,179,0.8813618664392554,0.7217741935483871,14,10,89.06019505228927,Silver
610,610,254,346602,158,0.866801879643778,0.6220472440944882,11,14,83.03552494288348,Silver
612,612,262,386061,194,0.9654831779884611,0.7404580152671756,14,14,140.12035251844748,Gold
613,613,192,214206,135,0.5356984767282794,0.703125,15,10,56.49944871743572,Silver
614,614,197,308677,185,0.7719568952366186,0.9390862944162437,10,12,86.99209682361895,Silver
618,618,232,204218,197,0.5107199215731388,0.8491379310344828,15,10,65.05074863140626,Silver
619,619,255,229512,174,0.573976586981041,0.6823529411764706,10,13,50.91509959808293,Silver
620,620,247,237261,238,0.5933557243355849,0.9635627530364372,10,14,80.04296653790156,Silver
622,622,256,319595,189,0.7992612469770897,0.73828125,12,10,70.80955109937655,Silver
624,624,209,263042,203,0.6578303068801065,0.9712918660287081,15,11,105.42596233946969,Gold
625,625,278,308923,167,0.7725721059462866,0.6007194244604317,11,10,51.050897792206065,Silver
626,626,151,292232,146,0.7308303093809629,0.9668874172185431,11,12,93.27524319463524,Silver
627,627,265,351344,182,0.87866094137242,0.6867924528301886,14,14,118.27770981372439,Gold
628,628,255,244247,206,0.6108267081475406,0.807843137254902,12,13,76.97853761972299,Silver
629,629,259,317157,179,0.7931641587243631,0.6911196911196911,15,14,115.11598736080619,Gold
632,632,261,315801,166,0.7897729972515587,0.6360153256704981,11,10,55.253850305798714,Silver
633,633,273,282104,256,0.7055016343097511,0.9377289377289377,12,12,95.26597892745298,Silver
634,634,275,355956,223,0.8901948917504245,0.8109090909090909,15,15,162.42010434028202,Platinum
636,636,202,247840,180,0.619812285707855,0.8910891089108911,11,12,72.90465301197344,Silver
637,637,247,236333,169,0.5910349294633412,0.6842105263157895,10,10,40.43923201591283,Bronze
638,638,259,258314,194,0.6460062571430715,0.749034749034749,13,14,88.06636651431494,Silver
640,640,236,262027,185,0.6552919374885898,0.7838983050847458,13,14,93.49016752220686,Silver
641,641,276,327409,213,0.8188029400069524,0.7717391304347826,12,14,106.15958117829271,Gold
642,642,224,326794,148,0.8172649132327823,0.6607142857142857,13,13,91.25638397222478,Silver
644,644,277,389010,178,0.9728582039348477,0.6425992779783394,15,13,121.90580598764825,Gold
645,645,259,223338,147,0.5585362986822987,0.5675675675675675,13,13,53.57419794658049,Silver
647,647,249,313742,196,0.7846237336287678,0.7871485943775101,10,12,74.11385628493422,Silver
648,648,278,263823,233,0.6597834758404754,0.8381294964028777,15,15,124.4213982767515,Gold
649,649,236,376123,215,0.9406296656604887,0.9110169491525424,11,11,103.68847776337971,Gold
650,650,167,229569,147,0.5741191358040129,0.8802395209580839,13,15,98.54565884923372,Silver
652,652,227,318453,206,0.7964052688045655,0.9074889867841409,11,13,103.35024849535193,Gold
653,653,271,370831,159,0.9273951328329954,0.5867158671586716,11,14,83.79408569206173,Silver
655,655,158,242960,148,0.6076081057762284,0.9367088607594937,12,11,75.12805034458479,Silver
656,656,249,344867,240,0.8624628935410378,0.963855421686747,12,11,109.7302187444983,Gold
657,657,248,270565,185,0.6766442506558497,0.7459677419354839,10,12,60.570574050644616,Silver
659,659,237,208348,212,0.5210484590972408,0.8945147679324894,10,12,55.93026497651395,Silver
661,661,189,272362,137,0.6811382898642785,0.7248677248677249,14,14,96.77209184886564,Silver
662,662,188,231921,157,0.5800011503940099,0.8351063829787234,15,12,87.18527930922723,Silver
663,663,261,379388,144,0.948794962274579,0.5517241379310345,13,10,68.05150074245257,Silver
664,664,263,377074,251,0.9430079802332298,0.9543726235741445,11,13,128.69728302095558,Gold
665,665,213,311454,150,0.7789017738575462,0.704225352112676,11,12,72.40495362619443,Silver
668,668,201,226167,196,0.5656112218434813,0.9751243781094527,14,10,77.21578073325935,Silver
669,669,242,265545,174,0.6640899508081518,0.71900826446281,13,11,68.28052130581999,Silver
670,670,261,206330,142,0.516001730592728,0.5440613026819924,13,10,36.49575458521747,Bronze
671,671,217,232608,158,0.5817192388393024,0.728110599078341,11,14,65.22761529694887,Silver
672,672,193,342953,174,0.8576762541170351,0.9015544041450777,10,14,108.25385259218122,Gold
674,674,239,361081,182,0.9030117815351758,0.7615062761506276,10,15,103.14737086154938,Gold
679,679,210,203593,205,0.5091568862335349,0.9761904761904762,11,13,71.07587676160037,Silver
681,681,275,251890,250,0.6299407547084876,0.9090909090909091,13,10,74.44754373827581,Silver
682,682,153,290495,136,0.726486321565136,0.8888888888888888,14,11,99.44790535202752,Silver
683,683,267,354496,226,0.88654364119711,0.846441947565543,10,13,97.55300441337488,Silver
684,684,267,375751,178,0.9396993470263565,0.6666666666666666,12,10,75.1759477621085,Silver
685,685,232,212169,230,0.5306042319494427,0.9913793103448276,14,14,103.10189127707277,Gold
686,686,173,375083,138,0.9380287748553879,0.7976878612716763,10,11,82.30795839482538,Silver
692,692,224,389986,194,0.975299039921173,0.8660714285714286,11,11,102.20611456745364,Gold
693,693,269,390782,155,0.9772897217296924,0.5762081784386617,10,15,84.4683495547039,Silver
695,695,205,231649,167,0.5793209174142143,0.8146341463414634,14,13,85.8920973848177,Silver
696,696,228,311359,143,0.7786641924859264,0.6271929824561403,15,13,95.23267985732481,Silver
700,700,220,347882,220,0.8700029760192866,1.0,12,11,114.84039283454582,Gold
701,701,271,311220,212,0.7783165734263986,0.7822878228782287,11,11,73.67297690602943,Silver
702,702,193,283734,163,0.7095780304754379,0.844559585492228,11,11,72.51299220242,Silver
703,703,220,331124,168,0.8280936220655575,0.7636363636363637,12,15,113.82523241482936,Gold
704,704,220,318829,209,0.7973455908648712,0.95,11,13,108.31939851899276,Gold
707,707,276,225040,222,0.5627927565191078,0.8043478260869565,12,15,81.48260344385342,Silver
708,708,252,288883,232,0.7224549408172299,0.9206349206349206,13,14,121.05133897248695,Gold
709,709,210,382537,168,0.9566701595296389,0.8,10,12,91.84033531484533,Silver
710,710,215,360967,190,0.902726683889232,0.8837209302325582,10,11,87.7534311315579,Silver
712,712,194,391653,183,0.9794679677789643,0.9432989690721649,11,14,142.28539313374625,Gold
713,713,267,296694,154,0.7419891312774626,0.5767790262172284,14,10,59.9149276042775,Silver
714,714,250,374309,158,0.9360931118908226,0.632,11,12,78.09263176637998,Silver
716,716,234,256814,185,0.6422549723280223,0.7905982905982906,10,15,76.16485248761802,Silver
717,717,233,215585,210,0.5391471579015813,0.9012875536480687,11,15,80.17789279523517,Silver
718,718,240,352540,217,0.8816519657982859,0.9041666666666667,14,14,156.24342253888625,Platinum
719,719,249,248326,242,0.6210277019879309,0.9718875502008032,12,13,94.156778335134,Silver
721,721,271,376016,195,0.9403620740103485,0.7195571955719557,15,13,131.9456378754373,Gold
722,722,262,249421,138,0.6237661399029167,0.5267175572519084,11,13,46.982446583374646,Bronze
723,723,188,343323,139,0.8586015710380805,0.7393617021276596,15,12,114.26708142219562,Gold
726,726,269,278125,253,0.6955507261236974,0.9405204460966543,15,14,137.37773263550946,Gold
727,727,153,258653,136,0.6468540475112726,0.8888888888888888,12,12,82.7973180814429,Silver
728,728,237,377436,136,0.9439132903019284,0.5738396624472574,14,10,75.8316837440874,Silver
730,730,276,308860,199,0.7724145519840545,0.7210144927536232,14,14,109.15672893328284,Gold
731,731,261,251049,163,0.6278375343555168,0.6245210727969349,12,13,61.16725219767081,Silver
732,732,244,230911,226,0.5774752852852102,0.9262295081967213,15,13,104.3005566496689,Gold
736,736,173,257393,143,0.6437029682666313,0.8265895953757225,14,10,74.4909446514333,Silver
737,737,269,204457,186,0.5113176262870033,0.6914498141263941,11,14,54.446773558977405,Silver
739,739,274,308926,256,0.7725796085159167,0.9343065693430657,13,12,112.60488775799871,Gold
740,740,232,234921,141,0.5875037200241082,0.6077586206896551,10,11,39.27664955850827,Bronze
741,741,188,357835,137,0.8948940011954094,0.7287234042553191,14,10,91.29822841982953,Silver
744,744,264,274429,204,0.6863075603394162,0.7727272727272727,12,10,63.63942832238222,Silver
745,745,196,203194,142,0.5081590444727319,0.7244897959183674,10,10,36.815604242412206,Bronze
746,746,251,327412,165,0.8188104425765825,0.6573705179282868,10,12,64.59142136659894,Silver
747,747,213,228484,168,0.5714057064544606,0.7887323943661971,15,10,67.60292865095028,Silver
748,748,248,201103,169,0.5029297534405534,0.6814516129032258,14,12,57.577344998726566,Silver
749,749,206,324157,175,0.8106701545279258,0.8495145631067961,13,15,134.2918399187644,Gold
750,750,278,302371,184,0.7561864938741519,0.6618705035971223,13,13,84.5840835018368,Silver
751,751,263,341772,185,0.8547227425393197,0.7034220532319392,10,11,66.13539091511467,Silver
754,754,262,397416,241,0.9938804040383832,0.9198473282442748,11,13,130.73320749761373,Gold
755,755,178,310400,142,0.7762658710608383,0.797752808988764,15,12,111.46829024896083,Gold
756,756,242,268959,184,0.6726278750472037,0.7603305785123967,14,13,93.07835652719321,Silver
757,757,208,356895,204,0.8925431960446453,0.9807692307692307,11,15,144.4375191291479,Gold
758,758,203,353941,181,0.8851556658155418,0.8916256157635468,12,11,104.17802545647747,Gold
759,759,270,225240,230,0.5632929278277811,0.8518518518518519,13,14,87.33126651433673,Silver
761,761,271,371012,238,0.9278477878673446,0.8782287822878229,13,10,105.93214227533446,Gold
762,762,228,295107,204,0.7380202719431406,0.8947368421052632,15,15,148.57513369381644,Gold
763,763,216,381404,211,0.9538366890660052,0.9768518518518519,10,11,102.49328496862029,Gold
764,764,220,317424,190,0.7938318874214418,0.8636363636363636,12,12,98.7238201811393,Silver
765,765,251,306261,235,0.7659148258278461,0.9362549800796812,15,15,161.34560324959108,Platinum
766,766,264,211286,225,0.5283959756216504,0.8522727272727273,15,14,94.57087063682948,Silver
767,767,252,352223,209,0.8808591942740388,0.8293650793650794,10,13,94.97200122391125,Silver
768,768,256,364753,187,0.9121949267624161,0.73046875,12,12,95.95150385882164,Silver
769,769,269,326569,151,0.8167022205105249,0.5613382899628253,13,15,89.39701443469296,Silver
771,771,276,382439,146,0.9564250755883891,0.5289855072463768,14,13,92.08017068309665,Silver
774,774,258,238257,183,0.5958465774527776,0.7093023255813954,14,15,88.75342624616374,Silver
775,775,253,295696,240,0.7394932764471832,0.9486166007905138,13,13,118.55275609761956,Gold
776,776,235,278401,211,0.6962409625296664,0.8978723404255319,15,10,93.7703253789955,Silver
777,777,164,323469,157,0.80894956522609,0.9573170731707317,13,15,151.01213987437038,Platinum
778,778,273,236016,227,0.5902421579390942,0.8315018315018315,11,14,75.58126504481632,Silver
779,779,241,241914,185,0.6049922098318674,0.7676348547717843,12,12,66.87548742705788,Silver
780,780,204,295378,144,0.7386980040663927,0.7058823529411765,14,11,80.30081832439375,Silver
781,781,257,319539,160,0.7991211990106611,0.622568093385214,11,12,65.6709716852341,Silver
784,784,202,314221,157,0.7858216439130402,0.7772277227722773,15,14,128.2600970287769,Gold
785,785,227,200493,166,0.5014042309491,0.7312775330396476,11,15,60.49983209557644,Silver
788,788,241,363694,223,0.9095465196829914,0.9253112033195021,12,12,121.1923561828225,Gold
791,791,217,357901,173,0.8950590577272716,0.7972350230414746,13,12,111.31729884766636,Gold
792,792,162,221247,143,0.5533070076501202,0.8827160493827161,10,14,68.37781662441608,Silver
795,795,239,250316,211,0.6260044065092294,0.8828451882845189,15,13,107.76967073565794,Gold
801,801,257,287935,163,0.7200841288141189,0.6342412451361867,15,12,82.20726980313714,Silver
804,804,206,258650,190,0.6468465449416425,0.9223300970873787,14,11,91.87732963588574,Silver
805,805,239,361567,202,0.9042271978152517,0.8451882845188284,10,10,76.42422341367399,Silver
807,807,267,247165,198,0.6181242075410828,0.7415730337078652,11,15,75.63340022609428,Silver
808,808,260,267600,151,0.6692292110047692,0.5807692307692308,13,11,55.579485973946085,Silver
809,809,263,333039,156,0.8328827623461036,0.5931558935361216,12,10,59.283518293228354,Silver
810,810,263,231205,148,0.5782105371089599,0.5627376425855514,15,12,58.56855022274788,Silver
811,811,240,256547,138,0.6415872436309435,0.575,13,10,47.95864646141302,Bronze
812,812,191,240763,160,0.602113723950453,0.837696335078534,15,15,113.4874034671011,Gold
813,813,260,263375,211,0.6586630921090474,0.8115384615384615,13,14,97.2845387045063,Silver
814,814,231,244045,174,0.6103215351257806,0.7532467532467533,10,13,59.7639529201089,Silver
815,815,248,368963,150,0.9227235328099874,0.6048387096774194,11,10,61.390880207116105,Silver
817,817,260,344892,197,0.862525414954622,0.7576923076923077,15,14,137.2410631410489,Gold
818,818,252,396375,161,0.991277012376739,0.6388888888888888,11,14,97.5306438288447,Silver
821,821,205,331261,142,0.8284362394119986,0.6926829268292682,11,15,94.68420043621036,Silver
822,822,273,364119,223,0.910609383713922,0.8168498168498168,13,14,135.3772617121364,Gold
826,826,196,201691,155,0.5044002570880527,0.7908163265306123,11,11,48.2654429677879,Bronze
829,829,173,292423,148,0.7313079729807459,0.8554913294797688,13,12,97.5979102900547,Silver
831,831,178,374601,149,0.9368233620014855,0.8370786516853933,10,10,78.41948367315807,Silver
834,834,243,240532,178,0.6015360260889354,0.7325102880658436,13,12,68.73848712937267,Silver
836,836,188,324418,152,0.8113228780857443,0.8085106382978723,12,10,78.71558136321264,Silver
838,838,252,309187,214,0.7732323320737352,0.8492063492063492,14,11,101.12160609453181,Gold
840,840,216,211908,186,0.5299515083916241,0.8611111111111112,12,12,65.71398704056139,Silver
841,841,194,274759,176,0.687132842998727,0.9072164948453608,14,14,122.18213686641283,Gold
844,844,246,381676,157,0.9545169220458007,0.6382113821138211,14,13,110.87140866071832,Gold
845,845,236,381483,184,0.9540342567329311,0.7796610169491526,15,12,133.88819738557066,Gold
846,846,237,399863,233,1.0,0.9831223628691983,13,11,140.58649789029536,Gold
848,848,250,342279,244,0.8559906768068063,0.976,13,11,119.46890678057234,Gold
849,849,203,375146,143,0.93818632881762,0.7044334975369458,11,13,94.50725240389906,Silver
850,850,267,353798,198,0.8847980433298405,0.7415730337078652,13,13,110.88806039664091,Gold
851,851,262,302606,239,0.756774195161843,0.9122137404580153,13,13,116.66742945336641,Gold
852,852,191,305911,155,0.7650395260376679,0.8115183246073299,12,10,74.50123133141688,Silver
853,853,236,322959,141,0.8076741283889732,0.597457627118644,15,13,94.09745830531702,Silver
854,854,229,219349,202,0.5485603819308114,0.8820960698689956,13,13,81.77621973080366,Silver
856,856,199,329812,192,0.8248124982806612,0.964824120603015,10,11,87.53788926476162,Silver
857,857,193,303909,159,0.7600328112378489,0.8238341968911918,11,12,82.65061472673561,Silver
859,859,191,209542,182,0.5240344818100199,0.9528795811518325,12,11,65.91311199478491,Silver
861,861,176,221797,146,0.5546824787489715,0.8295454545454546,12,14,77.30256726565212,Silver
862,862,238,249524,210,0.6240237281268834,0.8823529411764706,10,14,77.08528406273267,Silver
864,864,235,228943,157,0.5725535996078657,0.6680851063829787,11,12,50.491918290525135,Silver
866,866,269,307608,221,0.7692834795917601,0.8215613382899628,14,13,115.02646883323335,Gold
867,867,196,330772,141,0.8272133205622926,0.7193877551020408,12,13,92.83359285249075,Silver
870,870,187,379581,186,0.9492776275874487,0.9946524064171123,13,13,159.57001575178538,Platinum
873,873,221,256779,211,0.6421674423490046,0.9547511312217195,10,14,85.83541288230587,Silver
874,874,178,382294,135,0.9560624513896009,0.7584269662921348,14,13,131.96884511596906,Gold
876,876,213,345185,205,0.8632581659218282,0.9624413145539906,11,10,91.39188564101983,Silver
877,877,256,335917,183,0.8400802274779112,0.71484375,15,15,135.1183725250117,Gold
879,879,280,277606,249,0.6942527815776903,0.8892857142857142,14,11,95.07791843706468,Silver
881,881,215,331960,143,0.8301843381358115,0.6651162790697674,14,11,85.03404416012484,Silver
882,882,233,287111,173,0.7180234230223852,0.7424892703862661,10,12,63.97496249761681,Silver
883,883,246,328634,194,0.8218664892725759,0.7886178861788617,11,13,92.68382172926748,Silver
884,884,253,380769,219,0.9522486451609676,0.8656126482213439,14,10,115.39898601041607,Gold
885,885,218,344238,147,0.8608898547752605,0.6743119266055045,11,10,63.85591262255027,Silver
886,886,188,382752,157,0.9572078436864626,0.8351063829787234,10,14,111.91185321398112,Gold
890,890,215,244487,143,0.6114269137179484,0.6651162790697674,14,15,85.40069869279066,Silver
894,894,213,397455,197,0.9939779374435744,0.9248826291079812,12,10,110.317551366977,Gold
896,896,227,266873,218,0.667411088297742,0.960352422907489,13,11,91.65582936825467,Silver
